public_code,courier_identification,status,created_at
7686334630108895,14872537,Recibido,2026-01-09
0348470804788791,14872537,Recibido,2026-01-09
3513421312583834,14872537,Recibido,2026-01-09
9946528177693296,14872537,Recibido,2026-01-09
5709053161202021,14872537,Recibido,2026-01-09
6850655448667621,14872537,Recibido,2026-01-09
7118360119892922,14872537,Recibido,2026-01-09
2081676885156788,14872537,Recibido,2026-01-09
8705869082529314,14872537,Recibido,2026-01-09
9957065312360700,14872537,Recibido,2026-01-09
4386391023565845,14872537,Recibido,2026-01-09
2448614463880841,14872537,Recibido,2026-01-09
7518119693027254,14872537,Recibido,2026-01-09
3644535988831965,14872537,Recibido,2026-01-09
7464681159717460,14872537,Recibido,2026-01-09
7113358794545930,14872537,Recibido,2026-01-09
2098114413718972,14872537,Recibido,2026-01-09
1817971434155947,14872537,Recibido,2026-01-09
9361008018652599,14872537,Recibido,2026-01-09
9011281095087881,14872537,Recibido,2026-01-09
1147778623318619,14872537,Recibido,2026-01-09
5891708623343300,14872537,Recibido,2026-01-09
0429121000940079,14872537,Recibido,2026-01-09
2714939081534086,14872537,Recibido,2026-01-09
8440728213750066,14872537,Recibido,2026-01-09
8471509761617511,14872537,Recibido,2026-01-09
3004865990386034,14872537,Recibido,2026-01-09
8690821792410222,14872537,Recibido,2026-01-09
6758510455613270,14872537,Recibido,2026-01-09
4032477621214506,14872537,Recibido,2026-01-09
5110096483949775,14872537,Recibido,2026-01-09
2199250004985225,14872537,Recibido,2026-01-09
2433047880248593,14872537,Recibido,2026-01-09
3459965016406391,14872537,Recibido,2026-01-09
8462251674179453,14872537,Recibido,2026-01-09
8651274923659419,14872537,Recibido,2026-01-09
3444844554966480,14872537,Recibido,2026-01-09
9789535808872490,14872537,Recibido,2026-01-09
8864718209227918,14872537,Recibido,2026-01-09
1169076730203655,14872537,Recibido,2026-01-09
8681148669217000,14872537,Recibido,2026-01-09
77652266,14872537,Recibido,2026-01-09
77652267,14872537,Recibido,2026-01-09
77650645,14872537,Recibido,2026-01-09
77650644,14872537,Recibido,2026-01-09
77628936,14872537,Recibido,2026-01-09
1086516267749617,14872537,Recibido,2026-01-14
0052933942902401,14872537,Recibido,2026-01-14
4345225700166362,14872537,Recibido,2026-01-14
9143664561064687,14872537,Recibido,2026-01-14
4529125632013055,14872537,Recibido,2026-01-14
2065820003948144,14872537,Recibido,2026-01-14
9399869376592178,14872537,Recibido,2026-01-14
4539318352698289,14872537,Recibido,2026-01-14
5303414552014023,14872537,Recibido,2026-01-14
2595735362116565,14872537,Recibido,2026-01-14
5233377610104471,14872537,Recibido,2026-01-14
7311292403395462,14872537,Recibido,2026-01-14
4185192094369972,14872537,Recibido,2026-01-14
5068979695914668,14872537,Recibido,2026-01-14
4853162571114729,14872537,Recibido,2026-01-14
2250725841988411,14872537,Recibido,2026-01-14
6916913670803576,14872537,Recibido,2026-01-14
6021118094674900,14872537,Recibido,2026-01-14
1747359043573819,14872537,Recibido,2026-01-14
2515538498390504,14872537,Recibido,2026-01-14
3636280295676921,14872537,Recibido,2026-01-14
4824120659725981,14872537,Recibido,2026-01-14
4746601220231299,14872537,Recibido,2026-01-14
5994239475372494,14872537,Recibido,2026-01-14
0940490574463858,14872537,Recibido,2026-01-14
4525545476786933,14872537,Recibido,2026-01-14
4493468601902113,14872537,Recibido,2026-01-14
6823293471367859,14872537,Recibido,2026-01-14
4836616929243994,14872537,Recibido,2026-01-14
5998399908135206,14872537,Recibido,2026-01-14
2030166842078856,14872537,Recibido,2026-01-14
9733883668370161,14872537,Recibido,2026-01-14
9591562820237531,14872537,Recibido,2026-01-14
1719480789714452,14872537,Recibido,2026-01-14
2051970800849953,14872537,Recibido,2026-01-14
1379461949185123,14872537,Recibido,2026-01-14
8956461614775511,14872537,Recibido,2026-01-14
9751213836733798,14872537,Recibido,2026-01-14
6637173683036327,14872537,Recibido,2026-01-14
0383953913947539,14872537,Recibido,2026-01-14
3142925260504678,14872537,Recibido,2026-01-14
4945031920644235,14872537,Recibido,2026-01-14
9680479502005939,14872537,Recibido,2026-01-14
6336726229319589,14872537,Recibido,2026-01-14
3207078276960270,14872537,Recibido,2026-01-14
4855656446894303,14872537,Recibido,2026-01-14
2715595064285158,14872537,Recibido,2026-01-14
6030657550268276,14872537,Recibido,2026-01-14
9613812398617086,14872537,Recibido,2026-01-14
1578398338254547,14872537,Recibido,2026-01-14
7832864458939390,14872537,Recibido,2026-01-14
8509234092407927,14872537,Recibido,2026-01-14
4936728297865432,14872537,Recibido,2026-01-14
7336396971291960,14872537,Recibido,2026-01-14
4348120288615000,14872537,Recibido,2026-01-14
3867163429396559,14872537,Recibido,2026-01-14
9980089160758160,14872537,Recibido,2026-01-14
2217096045956165,14872537,Recibido,2026-01-14
6046750155065340,14872537,Recibido,2026-01-14
1678289248126685,14872537,Recibido,2026-01-14
1004054886371406,14872537,Recibido,2026-01-14
1901561963212453,14872537,Recibido,2026-01-14
7573278780883193,14872537,Recibido,2026-01-14
5835769507080222,14872537,Recibido,2026-01-14
4934347721395433,14872537,Recibido,2026-01-14
1180966863708919,14872537,Recibido,2026-01-14
8319574847600395,14872537,Recibido,2026-01-14
8215072827303838,14872537,Recibido,2026-01-14
3768189214368676,14872537,Recibido,2026-01-14
5497354082121532,14872537,Recibido,2026-01-14
8728742403273381,14872537,Recibido,2026-01-14
9808170450210792,14872537,Recibido,2026-01-14
4818340333906627,14872537,Recibido,2026-01-14
9494108148336492,14872537,Recibido,2026-01-14
6693516681525409,14872537,Recibido,2026-01-14
3449023177522159,14872537,Recibido,2026-01-14
2877799833370185,14872537,Recibido,2026-01-14
2869560779987553,14872537,Recibido,2026-01-14
8775627245896265,14872537,Recibido,2026-01-14
2330157878052163,14872537,Recibido,2026-01-14
1223285861705849,14872537,Recibido,2026-01-14
9056210683810768,14872537,Recibido,2026-01-14
4543179581185767,14872537,Recibido,2026-01-14
3530476989744571,14872537,Recibido,2026-01-14
2165112476776009,14872537,Recibido,2026-01-14
2723201553627980,14872537,Recibido,2026-01-14
6432498327045320,14872537,Recibido,2026-01-14
4731012968009665,14872537,Recibido,2026-01-14
7764934421447224,14872537,Recibido,2026-01-14
4157762270032874,14872537,Recibido,2026-01-14
5088185663183379,14872537,Recibido,2026-01-14
9080015510234823,14872537,Recibido,2026-01-14
2745781150940858,14872537,Recibido,2026-01-14
2429067614882265,14872537,Recibido,2026-01-14
4331972517925406,14872537,Recibido,2026-01-14
3034305159727856,14872537,Recibido,2026-01-14
2163554855390110,14872537,Recibido,2026-01-14
5425301584435860,14872537,Recibido,2026-01-14
9655892150598552,14872537,Recibido,2026-01-14
3693815370236365,14872537,Recibido,2026-01-14
3314176876734504,14872537,Recibido,2026-01-14
4331920192181018,14872537,Recibido,2026-01-14
1153606482481750,14872537,Recibido,2026-01-14
8055042044206914,14872537,Recibido,2026-01-14
8117796178131372,14872537,Recibido,2026-01-14
6848257118198281,14872537,Recibido,2026-01-14
6866744103955768,14872537,Recibido,2026-01-14
5091069810729862,14872537,Recibido,2026-01-14
1654781401354926,14872537,Recibido,2026-01-14
8688966250705321,14872537,Recibido,2026-01-14
3422909297959356,14872537,Recibido,2026-01-14
5008572377276813,14872537,Recibido,2026-01-14
5742860833554874,14872537,Recibido,2026-01-14
2836698928199953,14872537,Recibido,2026-01-14
2650906403232899,14872537,Recibido,2026-01-14
4512054990602782,14872537,Recibido,2026-01-14
6178773668787077,14872537,Recibido,2026-01-14
6567944810433402,14872537,Recibido,2026-01-14
8032213307331719,14872537,Recibido,2026-01-14
3745658429677802,14872537,Recibido,2026-01-14
0833535868313365,14872537,Recibido,2026-01-14
6201997452816448,14872537,Recibido,2026-01-14
3649228159355914,14872537,Recibido,2026-01-14
4462126288593108,14872537,Recibido,2026-01-14
4712025160388106,14872537,Recibido,2026-01-14
7987320783421511,14872537,Recibido,2026-01-14
4866773736155039,14872537,Recibido,2026-01-14
6201997452816448,14872537,Recibido,2026-01-14
1578007550553605,14872537,Recibido,2026-01-14
7423491065962006,14872537,Recibido,2026-01-14
5685112406250266,14872537,Recibido,2026-01-14
1084091959515348,14872537,Recibido,2026-01-14
7037465679527224,14872537,Recibido,2026-01-14
4890961042646301,14872537,Recibido,2026-01-14
3065527340445969,14872537,Recibido,2026-01-14
8342273521230716,14872537,Recibido,2026-01-14
0365548584001425,14872537,Recibido,2026-01-14
7705824394379742,14872537,Recibido,2026-01-14
0163852346774299,14872537,Recibido,2026-01-14
2171101760706885,14872537,Recibido,2026-01-14
8734134080285037,14872537,Recibido,2026-01-14
3152918264036033,14872537,Recibido,2026-01-14
7616930027119657,14872537,Recibido,2026-01-14
7700858879598680,14872537,Recibido,2026-01-14
3010738381812511,14872537,Recibido,2026-01-14
0864737554208284,14872537,Recibido,2026-01-14
0891676362503319,14872537,Recibido,2026-01-14
5597446805273244,14872537,Recibido,2026-01-14
4053106744087529,14872537,Recibido,2026-01-14
7862018268821139,14872537,Recibido,2026-01-14
6789627293922554,14872537,Recibido,2026-01-14
7783607424186981,14872537,Recibido,2026-01-14
2968807136482187,14872537,Recibido,2026-01-14
0980320381092880,14872537,Recibido,2026-01-14
3674240530882931,14872537,Recibido,2026-01-14
5757159912017668,14872537,Recibido,2026-01-14
2965751336856570,14872537,Recibido,2026-01-14
1207063439485873,14872537,Recibido,2026-01-14
2733118621387641,14872537,Recibido,2026-01-14
4294473798253198,14872537,Recibido,2026-01-14
5102018090684638,14872537,Recibido,2026-01-14
9527174061321199,14872537,Recibido,2026-01-14
3930864575694865,14872537,Recibido,2026-01-14
7791512500376979,14872537,Recibido,2026-01-14
8783548810286657,14872537,Recibido,2026-01-14
2955532817895923,14872537,Recibido,2026-01-14
9900473344290742,14872537,Recibido,2026-01-14
7707140761873419,14872537,Recibido,2026-01-14
1281634485000359,14872537,Recibido,2026-01-14
0380745161279928,14872537,Recibido,2026-01-14
9562340940881849,14872537,Recibido,2026-01-14
3378124009852213,14872537,Recibido,2026-01-14
0486356235669708,14872537,Recibido,2026-01-14
9342729075776466,14872537,Recibido,2026-01-14
9708115395754879,14872537,Recibido,2026-01-14
5679093812802841,14872537,Recibido,2026-01-14
5769074238275492,14872537,Recibido,2026-01-14
9303196102020436,14872537,Recibido,2026-01-14
4492549463645794,14872537,Recibido,2026-01-15
8941295629966953,14872537,Recibido,2026-01-15
0329047175094980,14872537,Recibido,2026-01-15
1367291143552402,14872537,Recibido,2026-01-15
8448491567359865,14872537,Recibido,2026-01-15
0518664098432260,14872537,Recibido,2026-01-15
0517930873552407,14872537,Recibido,2026-01-15
4082783504573143,14872537,Recibido,2026-01-15
0595181602554411,14872537,Recibido,2026-01-15
8909352771043561,14872537,Recibido,2026-01-15
2582552103231445,14872537,Recibido,2026-01-15
77860867,14872537,Recibido,2026-01-15
77860776,14872537,Recibido,2026-01-15
77854094,14872537,Recibido,2026-01-15
77854191,14872537,Recibido,2026-01-15
77854805,14872537,Recibido,2026-01-15
77810786,14872537,Recibido,2026-01-15
77810785,14872537,Recibido,2026-01-15
77789667,14872537,Recibido,2026-01-15
77809030,14872537,Recibido,2026-01-15
77810479,14872537,Recibido,2026-01-15
0626864156899289,14872537,Recibido,2026-01-15
77815778,14872537,Recibido,2026-01-17
77815051,14872537,Recibido,2026-01-17
77815320,14872537,Recibido,2026-01-17
77813299,14872537,Recibido,2026-01-17
77839031,14872537,Recibido,2026-01-17
77894705,14872537,Recibido,2026-01-17
77894714,14872537,Recibido,2026-01-17
77892855,14872537,Recibido,2026-01-17
77911620,14872537,Recibido,2026-01-17
77911682,14872537,Recibido,2026-01-17
77891628,14872537,Recibido,2026-01-17
77920820,14872537,Recibido,2026-01-17
77920129,14872537,Recibido,2026-01-17
77920290,14872537,Recibido,2026-01-17
77920663,14872537,Recibido,2026-01-17
77807618,14872537,Recibido,2026-01-17
77893000,14872537,Recibido,2026-01-17
77892188,14872537,Recibido,2026-01-17
77838803,14872537,Recibido,2026-01-17
77920937,14872537,Recibido,2026-01-17
77852654,14872537,Recibido,2026-01-17
77891926,14872537,Recibido,2026-01-17
77892663,14872537,Recibido,2026-01-17
77848613,14872537,Recibido,2026-01-17
77855832,14872537,Recibido,2026-01-17
77867326,14872537,Recibido,2026-01-17
77848694,14872537,Recibido,2026-01-17
9443307553455257,14872537,Recibido,2026-01-17
5767753021090709,14872537,Recibido,2026-01-17
2815114193699290,14872537,Recibido,2026-01-17
6844891356408747,14872537,Recibido,2026-01-17
0618565116044207,14872537,Recibido,2026-01-17
2673464729057223,14872537,Recibido,2026-01-17
3979200403753725,14872537,Recibido,2026-01-17
1576662725167526,14872537,Recibido,2026-01-17
3524537736693641,14872537,Recibido,2026-01-17
4411372300950585,14872537,Recibido,2026-01-17
8815708423959624,14872537,Recibido,2026-01-17
7092777904123104,14872537,Recibido,2026-01-17
7375970295541696,14872537,Recibido,2026-01-17
5299698629020285,14872537,Recibido,2026-01-17
0319064450899391,14872537,Recibido,2026-01-17
2519617026191719,14872537,Recibido,2026-01-17
4020054035060473,14872537,Recibido,2026-01-17
8092943348939781,14872537,Recibido,2026-01-17
1383382147426587,14872537,Recibido,2026-01-17
4519105045523119,14872537,Recibido,2026-01-17
0386622462594716,14872537,Recibido,2026-01-17
2106385176617094,14872537,Recibido,2026-01-17
0999779387202745,14872537,Recibido,2026-01-17
5211923694277685,14872537,Recibido,2026-01-17
1904716264526148,14872537,Recibido,2026-01-17
9701134435057151,14872537,Recibido,2026-01-17
0077698959405677,14872537,Recibido,2026-01-17
8844882240551967,14872537,Recibido,2026-01-17
8826774498105999,14872537,Recibido,2026-01-17
0959056557471898,14872537,Recibido,2026-01-17
9807449760794261,14872537,Recibido,2026-01-17
4885334326728785,14872537,Recibido,2026-01-17
3573695949342759,14872537,Recibido,2026-01-17
8692991404600856,14872537,Recibido,2026-01-17
4052763925849467,14872537,Recibido,2026-01-17
0057096676970262,14872537,Recibido,2026-01-17
4810505311599781,14872537,Recibido,2026-01-17
7508579164690704,14872537,Recibido,2026-01-17
5839470547160872,14872537,Recibido,2026-01-17
5616714628829382,14872537,Recibido,2026-01-17
4725497609965807,14872537,Recibido,2026-01-17
3363072251087274,14872537,Recibido,2026-01-17
9370185546542346,14872537,Recibido,2026-01-17
2919377522239167,14872537,Recibido,2026-01-19
9493970799425135,14872537,Recibido,2026-01-19
2821319769745381,14872537,Recibido,2026-01-19
8202822496941640,14872537,Recibido,2026-01-19
3246547368321344,14872537,Recibido,2026-01-19
9826834527737524,14872537,Recibido,2026-01-19
0771018598224257,14872537,Recibido,2026-01-19
8123036896153041,14872537,Recibido,2026-01-19
1898131726259706,14872537,Recibido,2026-01-19
9024421645697874,14872537,Recibido,2026-01-19
5072852978496791,14872537,Recibido,2026-01-19
1314878740421404,14872537,Recibido,2026-01-19
9830665009724326,14872537,Recibido,2026-01-19
1474310939203315,14872537,Recibido,2026-01-19
5133320221732866,14872537,Recibido,2026-01-19
5089903399182012,14872537,Recibido,2026-01-19
4024109413660955,14872537,Recibido,2026-01-19
5111682005442477,14872537,Recibido,2026-01-19
4304474366147584,14872537,Recibido,2026-01-19
0809058989609870,14872537,Recibido,2026-01-19
9343496838948522,14872537,Recibido,2026-01-19
6532313817170073,14872537,Recibido,2026-01-19
4778695529461092,14872537,Recibido,2026-01-19
3481531156936891,14872537,Recibido,2026-01-19
9489914457817870,14872537,Recibido,2026-01-19
9047737068112576,14872537,Recibido,2026-01-19
5360985773994714,14872537,Recibido,2026-01-19
0837237025144113,14872537,Recibido,2026-01-19
1343948608371218,14872537,Recibido,2026-01-19
3007145983941988,14872537,Recibido,2026-01-19
5153772814262249,14872537,Recibido,2026-01-19
3183718476074961,14872537,Recibido,2026-01-19
7501812330898230,14872537,Recibido,2026-01-19
6444123590796376,14872537,Recibido,2026-01-19
2206066109849659,14872537,Recibido,2026-01-19
7606828561185159,14872537,Recibido,2026-01-19
6923652874305724,14872537,Recibido,2026-01-19
6659975220823410,14872537,Recibido,2026-01-19
8858196478611199,14872537,Recibido,2026-01-19
2725983856492731,14872537,Recibido,2026-01-19
7156377470115408,14872537,Recibido,2026-01-19
3403954914958972,14872537,Recibido,2026-01-19
8308068712655860,14872537,Recibido,2026-01-19
0453305612886325,14872537,Recibido,2026-01-19
7395711085502500,14872537,Recibido,2026-01-19
4035431394086320,14872537,Recibido,2026-01-19
7387550284131180,14872537,Recibido,2026-01-19
6120055649710506,14872537,Recibido,2026-01-19
9709324174820082,14872537,Recibido,2026-01-19
1832044727539099,14872537,Recibido,2026-01-19
3729781212278714,14872537,Recibido,2026-01-19
6416259706131250,14872537,Recibido,2026-01-19
8673859042196606,14872537,Recibido,2026-01-19
8551009602489932,14872537,Recibido,2026-01-19
6564510725478978,14872537,Recibido,2026-01-19
4416617877939954,14872537,Recibido,2026-01-19
9842890838322253,14872537,Recibido,2026-01-19
7952359178044065,14872537,Recibido,2026-01-19
7526497400344247,14872537,Recibido,2026-01-19
4583684130405238,14872537,Recibido,2026-01-19
6336991256587618,14872537,Recibido,2026-01-19
2068494294746351,14872537,Recibido,2026-01-19
2629040318573415,14872537,Recibido,2026-01-19
5327243963833778,14872537,Recibido,2026-01-19
6613092074969753,14872537,Recibido,2026-01-19
1520513780197017,14872537,Recibido,2026-01-19
5853074721235777,14872537,Recibido,2026-01-19
4459872158074083,14872537,Recibido,2026-01-19
0058969434196640,14872537,Recibido,2026-01-19
1899942781340873,14872537,Recibido,2026-01-19
7390307455485722,14872537,Recibido,2026-01-19
2040864918841093,14872537,Recibido,2026-01-19
4720850478922850,14872537,Recibido,2026-01-19
7548457202342918,14872537,Recibido,2026-01-19
0374661380359529,14872537,Recibido,2026-01-19
2344472390257839,14872537,Recibido,2026-01-19
1225636886972551,14872537,Recibido,2026-01-19
0558904007169315,14872537,Recibido,2026-01-19
9805002721594782,14872537,Recibido,2026-01-19
9292349296871630,14872537,Recibido,2026-01-19
7075687343610243,14872537,Recibido,2026-01-19
9187250696970191,14872537,Recibido,2026-01-19
6258776908594691,14872537,Recibido,2026-01-19
8184943091819718,14872537,Recibido,2026-01-19
1212518243192736,14872537,Recibido,2026-01-19
9678932189605048,14872537,Recibido,2026-01-19
6380168513913698,14872537,Recibido,2026-01-19
3944719135081469,14872537,Recibido,2026-01-19
1331819177549786,14872537,Recibido,2026-01-19
8825766310544219,14872537,Recibido,2026-01-19
7552492223188027,14872537,Recibido,2026-01-19
4363828948909712,14872537,Recibido,2026-01-19
2130074810826714,14872537,Recibido,2026-01-19
77933292,14872537,Recibido,2026-01-19
77913187,14872537,Recibido,2026-01-19
77897272,14872537,Recibido,2026-01-19
77912969,14872537,Recibido,2026-01-19
77886305,14872537,Recibido,2026-01-19
77888554,14872537,Recibido,2026-01-19
77998003,14872537,Recibido,2026-01-19
77997827,14872537,Recibido,2026-01-19
77885802,14872537,Recibido,2026-01-19
77884857,14872537,Recibido,2026-01-19
77889001,14872537,Recibido,2026-01-19
77948024,14872537,Recibido,2026-01-19
77889633,14872537,Recibido,2026-01-19
77889634,14872537,Recibido,2026-01-19
46754619295,14872537,Recibido,2026-01-19
77885950,14872537,Recibido,2026-01-19
77931972,14872537,Recibido,2026-01-19
9270001329327830,14872537,Recibido,2026-01-21
8885617281415361,14872537,Recibido,2026-01-21
3415470688154423,14872537,Recibido,2026-01-21
1207703914139130,14872537,Recibido,2026-01-21
5573160231361151,14872537,Recibido,2026-01-21
2645950285982171,14872537,Recibido,2026-01-21
4016141201551418,14872537,Recibido,2026-01-21
3866290074558779,14872537,Recibido,2026-01-21
7511015879889979,14872537,Recibido,2026-01-21
8356644229219716,14872537,Recibido,2026-01-21
7208733206901071,14872537,Recibido,2026-01-21
9627612929834454,14872537,Recibido,2026-01-21
3728778111749286,14872537,Recibido,2026-01-21
7026695479099934,14872537,Recibido,2026-01-21
8011237624201641,14872537,Recibido,2026-01-21
5558325049617783,14872537,Recibido,2026-01-21
1947022237221182,14872537,Recibido,2026-01-21
2923742751422119,14872537,Recibido,2026-01-21
5882929034559084,14872537,Recibido,2026-01-21
0030170713567842,14872537,Recibido,2026-01-21
0762720552963797,14872537,Recibido,2026-01-21
8075367169656062,14872537,Recibido,2026-01-21
5882819048654645,14872537,Recibido,2026-01-21
5323754093546005,14872537,Recibido,2026-01-21
9560610755431084,14872537,Recibido,2026-01-21
3214384298455069,14872537,Recibido,2026-01-21
8761291092859346,14872537,Recibido,2026-01-21
6564589004903210,14872537,Recibido,2026-01-21
1564761805361680,14872537,Recibido,2026-01-21
4484549709215579,14872537,Recibido,2026-01-21
0831463223636331,14872537,Recibido,2026-01-21
2235247470942399,14872537,Recibido,2026-01-21
6553501534545826,14872537,Recibido,2026-01-21
4547820865375011,14872537,Recibido,2026-01-21
6928801088857150,14872537,Recibido,2026-01-21
3775818818367117,14872537,Recibido,2026-01-21
7188443546839461,14872537,Recibido,2026-01-21
3538881267656853,14872537,Recibido,2026-01-21
4717140256392759,14872537,Recibido,2026-01-21
0132870815695017,14872537,Recibido,2026-01-21
7897918007442712,14872537,Recibido,2026-01-21
8792020189335174,14872537,Recibido,2026-01-21
9058773558585248,14872537,Recibido,2026-01-21
7456207256876566,14872537,Recibido,2026-01-21
8946572515785576,14872537,Recibido,2026-01-21
6985333431566320,14872537,Recibido,2026-01-21
9510176823587242,14872537,Recibido,2026-01-21
6749098076087473,14872537,Recibido,2026-01-21
1846021787937562,14872537,Recibido,2026-01-21
3879110518795158,14872537,Recibido,2026-01-21
1135120381365489,14872537,Recibido,2026-01-21
5931030051814265,14872537,Recibido,2026-01-21
1741860280808706,14872537,Recibido,2026-01-21
4965521627060497,14872537,Recibido,2026-01-21
3282435013134000,14872537,Recibido,2026-01-21
1175084888295803,14872537,Recibido,2026-01-21
8786792561568159,14872537,Recibido,2026-01-21
5015999837947557,14872537,Recibido,2026-01-21
1892757307719700,14872537,Recibido,2026-01-21
4486576371331048,14872537,Recibido,2026-01-21
8426549947153944,14872537,Recibido,2026-01-21
6384511445519183,14872537,Recibido,2026-01-21
8286369308312839,14872537,Recibido,2026-01-21
2119920052815183,14872537,Recibido,2026-01-21
6916489517112219,14872537,Recibido,2026-01-21
8514619376987939,14872537,Recibido,2026-01-21
5037486812071214,14872537,Recibido,2026-01-21
6976316119438244,14872537,Recibido,2026-01-21
1108438437231008,14872537,Recibido,2026-01-21
2397393492305507,14872537,Recibido,2026-01-21
3499683321915972,14872537,Recibido,2026-01-21
2005053822623842,14872537,Recibido,2026-01-21
0512948480588050,14872537,Recibido,2026-01-21
6667933758150021,14872537,Recibido,2026-01-21
3075946065956186,14872537,Recibido,2026-01-21
3764549673841303,14872537,Recibido,2026-01-21
4896409869516095,14872537,Recibido,2026-01-21
3276712129900830,14872537,Recibido,2026-01-21
0261546638938721,14872537,Recibido,2026-01-21
3577453390633819,14872537,Recibido,2026-01-21
9961907668722558,14872537,Recibido,2026-01-21
0687396547935133,14872537,Recibido,2026-01-21
9440921251573102,14872537,Recibido,2026-01-21
6001249591467303,14872537,Recibido,2026-01-21
0628919275658387,14872537,Recibido,2026-01-21
8693704868444576,14872537,Recibido,2026-01-21
4950499774199100,14872537,Recibido,2026-01-21
8438486416694239,14872537,Recibido,2026-01-21
6464775638248431,14872537,Recibido,2026-01-21
4706986866635694,14872537,Recibido,2026-01-21
1245114632707032,14872537,Recibido,2026-01-21
0693055859171195,14872537,Recibido,2026-01-21
1124491424318356,14872537,Recibido,2026-01-21
7869440298541618,14872537,Recibido,2026-01-21
5235276683129262,14872537,Recibido,2026-01-21
9987522468212021,14872537,Recibido,2026-01-21
8944143683967489,14872537,Recibido,2026-01-21
6882964037935375,14872537,Recibido,2026-01-21
5654227612209049,14872537,Recibido,2026-01-21
2417977998449556,14872537,Recibido,2026-01-21
8663740855004451,14872537,Recibido,2026-01-21
0597950501094436,14872537,Recibido,2026-01-21
2746491248871400,14872537,Recibido,2026-01-21
0129301745944628,14872537,Recibido,2026-01-21
1624664235412223,14872537,Recibido,2026-01-21
8108718235650701,14872537,Recibido,2026-01-21
3794502233881471,14872537,Recibido,2026-01-21
6037718159217987,14872537,Recibido,2026-01-21
0607803029850719,14872537,Recibido,2026-01-21
4706697700405956,14872537,Recibido,2026-01-21
9646867674727942,14872537,Recibido,2026-01-21
9415935498416553,14872537,Recibido,2026-01-21
8660155883724680,14872537,Recibido,2026-01-21
1107278493104893,14872537,Recibido,2026-01-21
9530825411437027,14872537,Recibido,2026-01-21
5959934997958994,14872537,Recibido,2026-01-21
0122003904221870,14872537,Recibido,2026-01-21
9120615335207132,14872537,Recibido,2026-01-21
0954577943468660,14872537,Recibido,2026-01-21
4267814605187491,14872537,Recibido,2026-01-21
1087986234825868,14872537,Recibido,2026-01-21
0346276794694712,14872537,Recibido,2026-01-21
3140679881493317,14872537,Recibido,2026-01-21
5272935464006737,14872537,Recibido,2026-01-21
6715064458783050,14872537,Recibido,2026-01-21
8080014337766051,14872537,Recibido,2026-01-21
1549497065250689,14872537,Recibido,2026-01-21
3007892105934666,14872537,Recibido,2026-01-21
1818216680201232,14872537,Recibido,2026-01-21
1912746546199551,14872537,Recibido,2026-01-21
0056522896532595,14872537,Recibido,2026-01-21
1731324628009989,14872537,Recibido,2026-01-21
2716178446540450,14872537,Recibido,2026-01-21
8401854702980619,14872537,Recibido,2026-01-21
9203164591030584,14872537,Recibido,2026-01-21
6237025875134378,14872537,Recibido,2026-01-21
5903692382488578,14872537,Recibido,2026-01-21
9514517373356111,14872537,Recibido,2026-01-21
9965558783694253,14872537,Recibido,2026-01-21
7884862263969927,14872537,Recibido,2026-01-21
2697653446875206,14872537,Recibido,2026-01-21
3401338758688190,14872537,Recibido,2026-01-21
9971426669916993,14872537,Recibido,2026-01-21
7991158349813531,14872537,Recibido,2026-01-21
2298673414796388,14872537,Recibido,2026-01-21
7119651647075156,14872537,Recibido,2026-01-21
6015587001552655,14872537,Recibido,2026-01-21
5038480611527783,14872537,Recibido,2026-01-21
3371333717676309,14872537,Recibido,2026-01-21
9333652063124968,14872537,Recibido,2026-01-21
0078136125627008,14872537,Recibido,2026-01-21
6607024516197186,14872537,Recibido,2026-01-21
2929759435312467,14872537,Recibido,2026-01-21
8289260571992778,14872537,Recibido,2026-01-21
3084564918907411,14872537,Recibido,2026-01-21
4875519152818603,14872537,Recibido,2026-01-21
0005141992730910,14872537,Recibido,2026-01-21
7714290672784863,14872537,Recibido,2026-01-21
2336842578525206,14872537,Recibido,2026-01-21
1260141221340498,14872537,Recibido,2026-01-21
9413901410429506,14872537,Recibido,2026-01-21
4494537170904357,14872537,Recibido,2026-01-21
0423235977932214,14872537,Recibido,2026-01-21
9608428175429676,14872537,Recibido,2026-01-21
5383832996378317,14872537,Recibido,2026-01-21
5526346699510031,14872537,Recibido,2026-01-21
4549891328092049,14872537,Recibido,2026-01-21
9042993142435242,14872537,Recibido,2026-01-21
6782942650298956,14872537,Recibido,2026-01-21
1544250475352120,14872537,Recibido,2026-01-21
77817941,14872537,Recibido,2026-01-21
77981206,14872537,Recibido,2026-01-21
77980017,14872537,Recibido,2026-01-21
77981207,14872537,Recibido,2026-01-21
77929797,14872537,Recibido,2026-01-21
77929796,14872537,Recibido,2026-01-21
77929530,14872537,Recibido,2026-01-21
78026470,14872537,Recibido,2026-01-21
77946411,14872537,Recibido,2026-01-21
78026471,14872537,Recibido,2026-01-21
77993365,14872537,Recibido,2026-01-21
77930281,14872537,Recibido,2026-01-21
77994535,14872537,Recibido,2026-01-21
77979409,14872537,Recibido,2026-01-21
77993643,14872537,Recibido,2026-01-21
77995554,14872537,Recibido,2026-01-21
1486131684919322,14872537,Recibido,2026-01-23
6148940808708448,14872537,Recibido,2026-01-23
1580728471388169,14872537,Recibido,2026-01-23
7386023628074518,14872537,Recibido,2026-01-23
0905196663003602,14872537,Recibido,2026-01-23
7535537160691039,14872537,Recibido,2026-01-23
7879585695278439,14872537,Recibido,2026-01-23
8587638214141928,14872537,Recibido,2026-01-23
9853200771530574,14872537,Recibido,2026-01-23
1071714071766535,14872537,Recibido,2026-01-23
2339248848409231,14872537,Recibido,2026-01-23
9621637650436794,14872537,Recibido,2026-01-23
1531073551074651,14872537,Recibido,2026-01-23
1000472476834679,14872537,Recibido,2026-01-23
3060378634423884,14872537,Recibido,2026-01-23
5463114052555122,14872537,Recibido,2026-01-23
1302971801077716,14872537,Recibido,2026-01-23
3862110889001682,14872537,Recibido,2026-01-23
7539489906035529,14872537,Recibido,2026-01-23
0883617458034022,14872537,Recibido,2026-01-23
1658247151688787,14872537,Recibido,2026-01-23
4498813198311278,14872537,Recibido,2026-01-23
9897441045075590,14872537,Recibido,2026-01-23
8606794074998501,14872537,Recibido,2026-01-23
0477127576287171,14872537,Recibido,2026-01-23
8595879721664311,14872537,Recibido,2026-01-23
4971383171782068,14872537,Recibido,2026-01-23
5290902507119254,14872537,Recibido,2026-01-23
4757259386081213,14872537,Recibido,2026-01-23
8089314817159071,14872537,Recibido,2026-01-23
7455797230888336,14872537,Recibido,2026-01-23
8338696258638771,14872537,Recibido,2026-01-23
2126520987997646,14872537,Recibido,2026-01-23
9252660087825551,14872537,Recibido,2026-01-23
3803422688386669,14872537,Recibido,2026-01-23
8299287866609243,14872537,Recibido,2026-01-23
3813408869392814,14872537,Recibido,2026-01-23
6446932307353016,14872537,Recibido,2026-01-23
2753302910832924,14872537,Recibido,2026-01-23
1341739585876060,14872537,Recibido,2026-01-23
6140222131304005,14872537,Recibido,2026-01-23
2267716178888282,14872537,Recibido,2026-01-23
3960521177180540,14872537,Recibido,2026-01-23
3559168925950167,14872537,Recibido,2026-01-23
1367075606542031,14872537,Recibido,2026-01-23
8821202100643528,14872537,Recibido,2026-01-23
0003871024522157,14872537,Recibido,2026-01-23
0003265146784455,14872537,Recibido,2026-01-23
1566891025508308,14872537,Recibido,2026-01-23
8551473632959558,14872537,Recibido,2026-01-23
0007965368434702,14872537,Recibido,2026-01-23
6171511913986074,14872537,Recibido,2026-01-23
6893130324304177,14872537,Recibido,2026-01-23
6087606601403517,14872537,Recibido,2026-01-23
1671063761343515,14872537,Recibido,2026-01-23
8061637450195609,14872537,Recibido,2026-01-23
2152996391316470,14872537,Recibido,2026-01-23
3669214596664005,14872537,Recibido,2026-01-23
8769522509460044,14872537,Recibido,2026-01-23
6214981914784623,14872537,Recibido,2026-01-23
1806227487018678,14872537,Recibido,2026-01-23
4391165289482432,14872537,Recibido,2026-01-23
2164306464907362,14872537,Recibido,2026-01-23
6964304072220227,14872537,Recibido,2026-01-23
6815912497067059,14872537,Recibido,2026-01-23
3440495652796897,14872537,Recibido,2026-01-23
7964531835679356,14872537,Recibido,2026-01-23
8930251816737772,14872537,Recibido,2026-01-23
6473754558973483,14872537,Recibido,2026-01-23
8887826586207174,14872537,Recibido,2026-01-23
5879081725321555,14872537,Recibido,2026-01-23
4126774742896988,14872537,Recibido,2026-01-23
2938096414495420,14872537,Recibido,2026-01-23
2688137132244338,14872537,Recibido,2026-01-23
4311256396406578,14872537,Recibido,2026-01-23
6453085450062426,14872537,Recibido,2026-01-23
7912150460732147,14872537,Recibido,2026-01-23
7431148637032086,14872537,Recibido,2026-01-23
7233081236505855,14872537,Recibido,2026-01-23
0459926246374585,14872537,Recibido,2026-01-23
7790496080147846,14872537,Recibido,2026-01-23
3605041940688072,14872537,Recibido,2026-01-23
9903043880848591,14872537,Recibido,2026-01-23
1356211886313194,14872537,Recibido,2026-01-23
5716221341238742,14872537,Recibido,2026-01-23
1668997774635730,14872537,Recibido,2026-01-23
2487118151841758,14872537,Recibido,2026-01-23
2028162219955478,14872537,Recibido,2026-01-23
7443612434311727,14872537,Recibido,2026-01-23
9047046822321053,14872537,Recibido,2026-01-23
6732962003008457,14872537,Recibido,2026-01-23
4617126782658831,14872537,Recibido,2026-01-23
8974960266552022,14872537,Recibido,2026-01-23
1942323945234843,14872537,Recibido,2026-01-23
1763103567139594,14872537,Recibido,2026-01-23
7551368827785340,14872537,Recibido,2026-01-23
2859191029763705,14872537,Recibido,2026-01-23
7226144295188558,14872537,Recibido,2026-01-23
5582865486173454,14872537,Recibido,2026-01-23
9220797905580904,14872537,Recibido,2026-01-23
8172388274752636,14872537,Recibido,2026-01-23
0226463989250102,14872537,Recibido,2026-01-23
6203918266640268,14872537,Recibido,2026-01-23
2039635157835093,14872537,Recibido,2026-01-23
3451801664428397,14872537,Recibido,2026-01-23
0420627549443141,14872537,Recibido,2026-01-23
0340791916432095,14872537,Recibido,2026-01-23
3944552246819444,14872537,Recibido,2026-01-23
7572515789092342,14872537,Recibido,2026-01-23
2491263430082318,14872537,Recibido,2026-01-23
0468489924407684,14872537,Recibido,2026-01-23
2918412894576837,14872537,Recibido,2026-01-23
4176003769201066,14872537,Recibido,2026-01-23
4052608473124929,14872537,Recibido,2026-01-23
8048027863530072,14872537,Recibido,2026-01-23
8594804213406029,14872537,Recibido,2026-01-23
9407481453922942,14872537,Recibido,2026-01-23
8342533731605783,14872537,Recibido,2026-01-23
2612867220845263,14872537,Recibido,2026-01-23
7506006599845911,14872537,Recibido,2026-01-23
5067891091016442,14872537,Recibido,2026-01-23
7246242279409033,14872537,Recibido,2026-01-23
1002461152184861,14872537,Recibido,2026-01-23
2654573408410068,14872537,Recibido,2026-01-23
5074939861214446,14872537,Recibido,2026-01-23
7353258527162565,14872537,Recibido,2026-01-23
8941089716578067,14872537,Recibido,2026-01-23
8468446743930505,14872537,Recibido,2026-01-23
9124279063490152,14872537,Recibido,2026-01-23
3645633831013879,14872537,Recibido,2026-01-23
4191115418975550,14872537,Recibido,2026-01-23
9612228361170605,14872537,Recibido,2026-01-23
0463508097482624,14872537,Recibido,2026-01-23
8766313880642195,14872537,Recibido,2026-01-23
4104841660512523,14872537,Recibido,2026-01-23
4121729578709004,14872537,Recibido,2026-01-23
7273269745338108,14872537,Recibido,2026-01-23
8063781422149903,14872537,Recibido,2026-01-23
9976079008283705,14872537,Recibido,2026-01-23
0633514308890059,14872537,Recibido,2026-01-23
1995951245089643,14872537,Recibido,2026-01-23
9365599516341091,14872537,Recibido,2026-01-23
9445044442691047,14872537,Recibido,2026-01-23
7951265227314707,14872537,Recibido,2026-01-23
8016176546313026,14872537,Recibido,2026-01-23
7954152636941615,14872537,Recibido,2026-01-23
2903043522204601,14872537,Recibido,2026-01-23
4543725761946135,14872537,Recibido,2026-01-23
6258033225285275,14872537,Recibido,2026-01-23
3087955405562719,14872537,Recibido,2026-01-23
2533896686519554,14872537,Recibido,2026-01-23
3873668365996676,14872537,Recibido,2026-01-23
4337460138490906,14872537,Recibido,2026-01-23
9392993731591660,14872537,Recibido,2026-01-23
5847213803106027,14872537,Recibido,2026-01-23
5743571090054366,14872537,Recibido,2026-01-23
9433270046639926,14872537,Recibido,2026-01-23
8607132961257780,14872537,Recibido,2026-01-23
7045166062422040,14872537,Recibido,2026-01-23
0925129040287503,14872537,Recibido,2026-01-23
7261265198549700,14872537,Recibido,2026-01-23
7301450834640710,14872537,Recibido,2026-01-23
8665881092216595,14872537,Recibido,2026-01-23
2013560169907465,14872537,Recibido,2026-01-23
8349233514040587,14872537,Recibido,2026-01-23
0150721187848226,14872537,Recibido,2026-01-23
1040826745070670,14872537,Recibido,2026-01-23
4784416427961418,14872537,Recibido,2026-01-23
8801089775030396,14872537,Recibido,2026-01-23
7423091272552890,14872537,Recibido,2026-01-23
7855902566899305,14872537,Recibido,2026-01-23
4822712109164983,14872537,Recibido,2026-01-23
9491012416224554,14872537,Recibido,2026-01-23
1928490194730468,14872537,Recibido,2026-01-23
7022465906957782,14872537,Recibido,2026-01-23
7285101842086422,14872537,Recibido,2026-01-23
9006999212935255,14872537,Recibido,2026-01-23
9850124688247997,14872537,Recibido,2026-01-23
0935750279771228,14872537,Recibido,2026-01-23
2938401117617992,14872537,Recibido,2026-01-23
5650184484406292,14872537,Recibido,2026-01-23
5669194592527712,14872537,Recibido,2026-01-23
7877098797136989,14872537,Recibido,2026-01-23
7889256744432880,14872537,Recibido,2026-01-23
0066373360809431,14872537,Recibido,2026-01-23
9026303114240215,14872537,Recibido,2026-01-23
0672484032401226,14872537,Recibido,2026-01-23
6030773541238046,14872537,Recibido,2026-01-23
5977144057093868,14872537,Recibido,2026-01-23
1985764585018733,14872537,Recibido,2026-01-23
6014111238586743,14872537,Recibido,2026-01-26
6770633927980777,14872537,Recibido,2026-01-26
8949972185645998,14872537,Recibido,2026-01-26
3464522953643228,14872537,Recibido,2026-01-26
0615794389064714,14872537,Recibido,2026-01-26
6820856186536156,14872537,Recibido,2026-01-26
8502548992191597,14872537,Recibido,2026-01-26
2731972045924579,14872537,Recibido,2026-01-26
2310259523220704,14872537,Recibido,2026-01-26
2734036077337363,14872537,Recibido,2026-01-26
8907581408143405,14872537,Recibido,2026-01-26
6456142425120715,14872537,Recibido,2026-01-26
5629612291064158,14872537,Recibido,2026-01-26
7333927467677469,14872537,Recibido,2026-01-26
8268552740685222,14872537,Recibido,2026-01-26
6134057624894276,14872537,Recibido,2026-01-26
1753147215176577,14872537,Recibido,2026-01-26
4242708948814632,14872537,Recibido,2026-01-26
1441560331261236,14872537,Recibido,2026-01-26
8706937289372652,14872537,Recibido,2026-01-26
6562939999361311,14872537,Recibido,2026-01-26
1867514455275440,14872537,Recibido,2026-01-26
1287264322860353,14872537,Recibido,2026-01-26
5092832527340324,14872537,Recibido,2026-01-26
1437480845798674,14872537,Recibido,2026-01-26
3708819742506942,14872537,Recibido,2026-01-26
0511111544522201,14872537,Recibido,2026-01-26
5924416258497497,14872537,Recibido,2026-01-26
7817609292268785,14872537,Recibido,2026-01-26
7317496605011404,14872537,Recibido,2026-01-26
2261231507128465,14872537,Recibido,2026-01-26
8489727346304167,14872537,Recibido,2026-01-26
9828509397023741,14872537,Recibido,2026-01-26
6591029529593845,14872537,Recibido,2026-01-26
3323634299652646,14872537,Recibido,2026-01-26
4931069997316185,14872537,Recibido,2026-01-26
2797782172125392,14872537,Recibido,2026-01-28
9257364465247298,14872537,Recibido,2026-01-28
0011639346619742,14872537,Recibido,2026-01-28
6839802483057904,14872537,Recibido,2026-01-28
8072194231279884,14872537,Recibido,2026-01-28
8478480916002902,14872537,Recibido,2026-01-28
0534155505911705,14872537,Recibido,2026-01-28
7693053136067527,14872537,Recibido,2026-01-28
0656438125787355,14872537,Recibido,2026-01-28
5084267478617443,14872537,Recibido,2026-01-28
1318196020236698,14872537,Recibido,2026-01-28
0996142053714173,14872537,Recibido,2026-01-28
9590988889382774,14872537,Recibido,2026-01-28
2562948809494289,14872537,Recibido,2026-01-28
1573032803194575,14872537,Recibido,2026-01-28
7055474883899272,14872537,Recibido,2026-01-28
3111787994366287,14872537,Recibido,2026-01-28
8553365245604476,14872537,Recibido,2026-01-28
9738716842182272,14872537,Recibido,2026-01-28
8434257206662399,14872537,Recibido,2026-01-28
3573657439912635,14872537,Recibido,2026-01-28
6720406370355444,14872537,Recibido,2026-01-28
0949142617715060,14872537,Recibido,2026-01-28
6225797174966164,14872537,Recibido,2026-01-28
0712264869118816,14872537,Recibido,2026-01-28
2898766574716215,14872537,Recibido,2026-01-28
5096654905400281,14872537,Recibido,2026-01-28
0710580971939347,14872537,Recibido,2026-01-28
4271728455315088,14872537,Recibido,2026-01-28
6352627964036955,14872537,Recibido,2026-01-28
6515990996525532,14872537,Recibido,2026-01-28
4510260242055544,14872537,Recibido,2026-01-28
5416630851629193,14872537,Recibido,2026-01-28
3238086286042041,14872537,Recibido,2026-01-28
9040156248614088,14872537,Recibido,2026-01-28
0584839517470361,14872537,Recibido,2026-01-28
1989310666435579,14872537,Recibido,2026-01-28
2950064663583115,14872537,Recibido,2026-01-28
8754555024775652,14872537,Recibido,2026-01-29
6972993320559855,14872537,Recibido,2026-01-29
5313882256800172,14872537,Recibido,2026-01-29
0089810430001823,14872537,Recibido,2026-01-29
6167276155948486,14872537,Recibido,2026-01-29
3118177453774844,14872537,Recibido,2026-01-29
9229704329828257,14872537,Recibido,2026-01-29
2040268820070899,14872537,Recibido,2026-01-29
1961448635780603,14872537,Recibido,2026-01-29
2383229515553514,14872537,Recibido,2026-01-29
5503561050042725,14872537,Recibido,2026-01-29
5461427919123869,14872537,Recibido,2026-01-29
0878087918917370,14872537,Recibido,2026-01-29
8642604542596939,14872537,Recibido,2026-01-29
1346704536870960,14872537,Recibido,2026-01-29
5314008892677901,14872537,Recibido,2026-01-29
9425591873409631,14872537,Recibido,2026-01-29
9011442477463619,14872537,Recibido,2026-01-29
3495974362484772,14872537,Recibido,2026-01-29
4648630742408993,14872537,Recibido,2026-01-29
9740106808142268,14872537,Recibido,2026-01-29
4620830358677706,14872537,Recibido,2026-01-29
5929878843430798,14872537,Recibido,2026-01-29
7509878299495497,14872537,Recibido,2026-01-29
0478473360383140,14872537,Recibido,2026-01-29
8375612345480222,14872537,Recibido,2026-01-29
6548015808715883,14872537,Recibido,2026-01-29
1069213353014715,14872537,Recibido,2026-01-29
6228681602917282,14872537,Recibido,2026-01-29
7717126947824749,14872537,Recibido,2026-01-29
8768349834038050,14872537,Recibido,2026-01-29
2466729302882872,14872537,Recibido,2026-01-29
2057216813190687,14872537,Recibido,2026-01-29
0155925204218927,14872537,Recibido,2026-01-29
1554402036332203,14872537,Recibido,2026-01-29
5569576538204521,14872537,Recibido,2026-01-29
3601409470118176,14872537,Recibido,2026-01-29
0021280448285385,14872537,Recibido,2026-01-29
5716684109337533,14872537,Recibido,2026-01-29
9116629586483735,14872537,Recibido,2026-01-29
8946147748491666,14872537,Recibido,2026-01-29
4420784584082293,14872537,Recibido,2026-01-29
2375516175804515,14872537,Recibido,2026-01-29
4699050969341214,14872537,Recibido,2026-01-29
6389427256029405,14872537,Recibido,2026-01-29
6868362718715128,14872537,Recibido,2026-01-29
2176332191728569,14872537,Recibido,2026-01-29
8948003973032384,14872537,Recibido,2026-01-29
1044230795754631,14872537,Recibido,2026-01-29
4811573013942083,14872537,Recibido,2026-01-29
4540900836277923,14872537,Recibido,2026-01-29
0223196332408223,14872537,Recibido,2026-01-29
3741080200815537,14872537,Recibido,2026-01-29
4921919980473814,14872537,Recibido,2026-01-29
9880893507349908,14872537,Recibido,2026-01-29
7173787297816741,14872537,Recibido,2026-01-29
4063603458954182,14872537,Recibido,2026-01-29
3490093985567512,14872537,Recibido,2026-01-29
1283119527534141,14872537,Recibido,2026-01-29
2348899462518101,14872537,Recibido,2026-01-29
8471592646128733,14872537,Recibido,2026-01-29
5018794722206071,14872537,Recibido,2026-01-29
0491763603360624,14872537,Recibido,2026-01-29
2063031345802389,14872537,Recibido,2026-01-29
0676007589117335,14872537,Recibido,2026-01-29
9237167469674438,14872537,Recibido,2026-01-29
0319906886201590,14872537,Recibido,2026-01-29
0581050727489508,14872537,Recibido,2026-01-29
5484948903904084,14872537,Recibido,2026-01-29
5268491835158675,14872537,Recibido,2026-01-29
9159368326018782,14872537,Recibido,2026-01-29
0487451555047051,14872537,Recibido,2026-01-29
2815242974300473,14872537,Recibido,2026-01-29
8022322292984790,14872537,Recibido,2026-01-29
8824694868185025,14872537,Recibido,2026-01-29
8070027365148624,14872537,Recibido,2026-01-29
1257695111980968,14872537,Recibido,2026-01-29
8493237877776661,14872537,Recibido,2026-02-02
2043940159492726,14872537,Recibido,2026-02-02
9362024842344643,14872537,Recibido,2026-02-02
5603246509255438,14872537,Recibido,2026-02-02
9599450922055350,14872537,Recibido,2026-02-02
9263732797076884,14872537,Recibido,2026-02-02
2642525475543268,14872537,Recibido,2026-02-02
5397155547302777,14872537,Recibido,2026-02-02
2119783988299901,14872537,Recibido,2026-02-02
9772570013618171,14872537,Recibido,2026-02-02
5978146904014087,14872537,Recibido,2026-02-02
8190098044814810,14872537,Recibido,2026-02-02
8623376684505549,14872537,Recibido,2026-02-02
4610987276602197,14872537,Recibido,2026-02-02
5317502616346443,14872537,Recibido,2026-02-02
0794822515690154,14872537,Recibido,2026-02-02
4662789744205726,14872537,Recibido,2026-02-02
4244552772840182,14872537,Recibido,2026-02-02
5627337669443007,14872537,Recibido,2026-02-02
1241135996260750,14872537,Recibido,2026-02-02
5041761247821310,14872537,Recibido,2026-02-02
3356899877101514,14872537,Recibido,2026-02-02
8601999364561907,14872537,Recibido,2026-02-02
2291496488086347,14872537,Recibido,2026-02-02
2812042295172866,14872537,Recibido,2026-02-02
7518202834685748,14872537,Recibido,2026-02-02
7900730519457306,14872537,Recibido,2026-02-02
3836612288205234,14872537,Recibido,2026-02-02
3052232045978413,14872537,Recibido,2026-02-02
4688484448768882,14872537,Recibido,2026-02-02
2533310064546936,14872537,Recibido,2026-02-02
0162384593367762,14872537,Recibido,2026-02-02
4899677663957317,14872537,Recibido,2026-02-02
0741634922090962,14872537,Recibido,2026-02-02
2672876707631936,14872537,Recibido,2026-02-02
2359603575632623,14872537,Recibido,2026-02-02
1956430618048919,14872537,Recibido,2026-02-02
1446905692750266,14872537,Recibido,2026-02-02
7508387528051358,14872537,Recibido,2026-02-02
1857492349374679,14872537,Recibido,2026-02-02
1448301045331696,14872537,Recibido,2026-02-02
6530735336503128,14872537,Recibido,2026-02-02
1764501897499452,14872537,Recibido,2026-02-02
9032189295141451,14872537,Recibido,2026-02-02
4556510578317943,14872537,Recibido,2026-02-02
2888169920446482,14872537,Recibido,2026-02-02
8422128762953159,14872537,Recibido,2026-02-02
4619131953436914,14872537,Recibido,2026-02-02
0682873262804009,14872537,Recibido,2026-02-02
1050845970141392,14872537,Recibido,2026-02-02
7757871354754867,14872537,Recibido,2026-02-02
5927295213938107,14872537,Recibido,2026-02-02
8777377908744492,14872537,Recibido,2026-02-05
0429084057109233,14872537,Recibido,2026-02-05
2417721703268708,14872537,Recibido,2026-02-05
2790810173072754,14872537,Recibido,2026-02-05
1605028587805420,14872537,Recibido,2026-02-05
7209034497693943,14872537,Recibido,2026-02-05
0161693675763685,14872537,Recibido,2026-02-05
6819538181108790,14872537,Recibido,2026-02-05
6784327313874739,14872537,Recibido,2026-02-05
8150161771830278,14872537,Recibido,2026-02-05
6004281208123386,14872537,Recibido,2026-02-05
1789302639653260,14872537,Recibido,2026-02-05
5814197506915292,14872537,Recibido,2026-02-05
4927092253927050,14872537,Recibido,2026-02-05
7153330252063034,14872537,Recibido,2026-02-05
1203291301574507,14872537,Recibido,2026-02-05
8908415647212642,14872537,Recibido,2026-02-05
6943603859045876,14872537,Recibido,2026-02-05
2779847991305078,14872537,Recibido,2026-02-05
4458053735256650,14872537,Recibido,2026-02-05
3188257771172450,14872537,Recibido,2026-02-05
2360151326339311,14872537,Recibido,2026-02-05
9600405211739250,14872537,Recibido,2026-02-05
4343524739307899,14872537,Recibido,2026-02-05
4072431006382627,14872537,Recibido,2026-02-05
2531440211956791,14872537,Recibido,2026-02-05
1081910253240214,14872537,Recibido,2026-02-05
8723301435676608,14872537,Recibido,2026-02-05
5352796618828285,14872537,Recibido,2026-02-05
5790480360129256,14872537,Recibido,2026-02-05
2376608250452649,14872537,Recibido,2026-02-05
4938772119826297,14872537,Recibido,2026-02-05
6839733974913281,14872537,Recibido,2026-02-05
5615012823003461,14872537,Recibido,2026-02-05
2115445156255097,14872537,Recibido,2026-02-05
5539963230038471,14872537,Recibido,2026-02-05
3109193161997381,14872537,Recibido,2026-02-05
9859863823562334,14872537,Recibido,2026-02-05
9159370089298012,14872537,Recibido,2026-02-05
9701703626001051,14872537,Recibido,2026-02-05
5172935811781433,14872537,Recibido,2026-02-05
4284511987957855,14872537,Recibido,2026-02-05
9322976628398113,14872537,Recibido,2026-02-05
0812923703131329,14872537,Recibido,2026-02-05
7957876224081777,14872537,Recibido,2026-02-05
3097401165340613,14872537,Recibido,2026-02-05
9796640803430774,14872537,Recibido,2026-02-05
